Probabilities,Value
A,8.892427
B,1.523766
C,4.116443
D,2.319763
E,11.439618
F,0.363884
G,1.478281
H,0.568569
I,10.939277
J,0.000000
K,0.000000
L,6.367978
M,4.207414
N,5.344553
O,4.775984
P,1.546509
Q,1.182625
R,6.231521
S,7.914487
T,9.460996
U,10.461678
V,0.568569
W,0.000000
X,0.295656
Y,0.000000
Z,0.000000
