Probabilities,Value
A,8.268340
B,1.416363
C,2.288248
D,4.528264
E,12.182249
F,2.316665
G,1.900731
H,6.956155
I,6.765283
J,0.091801
K,0.694666
L,3.706053
M,2.547499
N,6.926906
O,8.153506
P,1.459543
Q,0.233831
R,5.556721
S,6.368497
T,9.404083
U,2.783273
V,1.038115
W,2.253892
X,0.253201
Y,1.844729
Z,0.061386
