Probabilities,Value
A,9.075630
B,1.400560
C,4.239029
D,2.670401
E,11.279178
F,1.195145
G,1.325864
H,0.597572
I,9.747899
J,0.093371
K,0.000000
L,6.442577
M,4.593838
N,5.901027
O,4.108310
P,2.334267
Q,1.288515
R,5.322129
S,7.936508
T,8.664799
U,9.449113
V,2.091503
W,0.000000
X,0.242764
Y,0.000000
Z,0.000000
